<application>
  <component name="libraryTable">
    <library name="bootstrap" type="javaScript">
      <properties>
        <sourceFilesUrls>
          <item url="file://$APPLICATION_CONFIG_DIR$/javascript/extLibs/__maxcdn.bootstrapcdn.com_bootstrap_4.0.0_js_bootstrap.js" />
          <item url="file://$APPLICATION_CONFIG_DIR$/javascript/extLibs/http_maxcdn.bootstrapcdn.com_bootstrap_4.0.0_js_bootstrap.js" />
          <item url="file://$APPLICATION_CONFIG_DIR$/javascript/extLibs/http_stackpath.bootstrapcdn.com_bootstrap_4.3.1_js_bootstrap.js" />
        </sourceFilesUrls>
      </properties>
      <CLASSES>
        <root url="file://$APPLICATION_CONFIG_DIR$/javascript/extLibs/__maxcdn.bootstrapcdn.com_bootstrap_4.0.0_js_bootstrap.js" />
        <root url="file://$APPLICATION_CONFIG_DIR$/javascript/extLibs/http_maxcdn.bootstrapcdn.com_bootstrap_4.0.0_js_bootstrap.js" />
        <root url="file://$APPLICATION_CONFIG_DIR$/javascript/extLibs/http_stackpath.bootstrapcdn.com_bootstrap_4.3.1_js_bootstrap.js" />
      </CLASSES>
      <SOURCES />
    </library>
    <library name="bootstrap-datepicker" type="javaScript">
      <properties>
        <sourceFilesUrls>
          <item url="file://$APPLICATION_CONFIG_DIR$/javascript/extLibs/http_cdnjs.cloudflare.com_ajax_libs_bootstrap-datepicker_1.8.0_js_bootstrap-datepicker.js" />
          <item url="file://$APPLICATION_CONFIG_DIR$/javascript/extLibs/http_cdnjs.cloudflare.com_ajax_libs_bootstrap-datepicker_1.9.0_js_bootstrap-datepicker.js" />
        </sourceFilesUrls>
      </properties>
      <CLASSES>
        <root url="file://$APPLICATION_CONFIG_DIR$/javascript/extLibs/http_cdnjs.cloudflare.com_ajax_libs_bootstrap-datepicker_1.8.0_js_bootstrap-datepicker.js" />
        <root url="file://$APPLICATION_CONFIG_DIR$/javascript/extLibs/http_cdnjs.cloudflare.com_ajax_libs_bootstrap-datepicker_1.9.0_js_bootstrap-datepicker.js" />
      </CLASSES>
      <SOURCES />
    </library>
    <library name="bootstrap.bundle" type="javaScript">
      <properties>
        <sourceFilesUrls>
          <item url="file://$APPLICATION_CONFIG_DIR$/javascript/extLibs/http_stackpath.bootstrapcdn.com_bootstrap_4.3.1_js_bootstrap.bundle.js" />
        </sourceFilesUrls>
      </properties>
      <CLASSES>
        <root url="file://$APPLICATION_CONFIG_DIR$/javascript/extLibs/http_stackpath.bootstrapcdn.com_bootstrap_4.3.1_js_bootstrap.bundle.js" />
      </CLASSES>
      <SOURCES />
    </library>
    <library name="core" type="javaScript">
      <properties>
        <option name="frameworkName" value="jQuery" />
        <sourceFilesUrls>
          <item url="file://$APPLICATION_CONFIG_DIR$/javascript/extLibs/http_cdnjs.cloudflare.com_ajax_libs_jquery_3.4.1_core.js" />
        </sourceFilesUrls>
      </properties>
      <CLASSES>
        <root url="file://$APPLICATION_CONFIG_DIR$/javascript/extLibs/http_cdnjs.cloudflare.com_ajax_libs_jquery_3.4.1_core.js" />
      </CLASSES>
      <DOCUMENTATION>
        <root url="http://api.jquery.com" />
      </DOCUMENTATION>
      <SOURCES />
    </library>
    <library name="jquery" type="javaScript">
      <properties>
        <option name="frameworkName" value="jQuery" />
        <sourceFilesUrls>
          <item url="file://$APPLICATION_CONFIG_DIR$/javascript/extLibs/__cdnjs.cloudflare.com_ajax_libs_jquery_3.2.1_jquery.js" />
          <item url="file://$APPLICATION_CONFIG_DIR$/javascript/extLibs/http_cdnjs.cloudflare.com_ajax_libs_jquery_3.4.1_jquery.js" />
        </sourceFilesUrls>
      </properties>
      <CLASSES>
        <root url="file://$APPLICATION_CONFIG_DIR$/javascript/extLibs/__cdnjs.cloudflare.com_ajax_libs_jquery_3.2.1_jquery.js" />
        <root url="file://$APPLICATION_CONFIG_DIR$/javascript/extLibs/http_cdnjs.cloudflare.com_ajax_libs_jquery_3.4.1_jquery.js" />
      </CLASSES>
      <DOCUMENTATION>
        <root url="http://api.jquery.com" />
      </DOCUMENTATION>
      <SOURCES />
    </library>
    <library name="jquery-3.2.1.slim" type="javaScript">
      <properties>
        <option name="frameworkName" value="jQuery" />
        <sourceFilesUrls>
          <item url="file://$APPLICATION_CONFIG_DIR$/javascript/extLibs/http_code.jquery.com_jquery-3.2.1.slim.js" />
        </sourceFilesUrls>
      </properties>
      <CLASSES>
        <root url="file://$APPLICATION_CONFIG_DIR$/javascript/extLibs/http_code.jquery.com_jquery-3.2.1.slim.js" />
      </CLASSES>
      <DOCUMENTATION>
        <root url="http://api.jquery.com" />
      </DOCUMENTATION>
      <SOURCES />
    </library>
    <library name="jquery-3.3.1.slim" type="javaScript">
      <properties>
        <option name="frameworkName" value="jQuery" />
        <sourceFilesUrls>
          <item url="file://$APPLICATION_CONFIG_DIR$/javascript/extLibs/http_code.jquery.com_jquery-3.3.1.slim.js" />
        </sourceFilesUrls>
      </properties>
      <CLASSES>
        <root url="file://$APPLICATION_CONFIG_DIR$/javascript/extLibs/http_code.jquery.com_jquery-3.3.1.slim.js" />
      </CLASSES>
      <DOCUMENTATION>
        <root url="http://api.jquery.com" />
      </DOCUMENTATION>
      <SOURCES />
    </library>
    <library name="popper" type="javaScript">
      <properties>
        <sourceFilesUrls>
          <item url="file://$APPLICATION_CONFIG_DIR$/javascript/extLibs/http_cdnjs.cloudflare.com_ajax_libs_popper.js_1.12.9_umd_popper.js" />
          <item url="file://$APPLICATION_CONFIG_DIR$/javascript/extLibs/http_cdnjs.cloudflare.com_ajax_libs_popper.js_1.14.7_umd_popper.js" />
        </sourceFilesUrls>
      </properties>
      <CLASSES>
        <root url="file://$APPLICATION_CONFIG_DIR$/javascript/extLibs/http_cdnjs.cloudflare.com_ajax_libs_popper.js_1.12.9_umd_popper.js" />
        <root url="file://$APPLICATION_CONFIG_DIR$/javascript/extLibs/http_cdnjs.cloudflare.com_ajax_libs_popper.js_1.14.7_umd_popper.js" />
      </CLASSES>
      <SOURCES />
    </library>
  </component>
</application>