<keymap version="1" name="Default copy" parent="Default for XWin">
  <action id="EditorAddOrRemoveCaret">
    <mouse-shortcut keystroke="alt button1" />
    <mouse-shortcut keystroke="control alt button1" />
  </action>
  <action id="GotoFile">
    <keyboard-shortcut first-keystroke="shift ctrl n" />
    <keyboard-shortcut first-keystroke="ctrl o" />
  </action>
  <action id="GotoImplementation">
    <keyboard-shortcut first-keystroke="ctrl alt b" />
  </action>
  <action id="OpenFile">
    <keyboard-shortcut first-keystroke="ctrl alt q" />
  </action>
  <action id="OverrideMethods" />
</keymap>